Date,Time,Julian day,Carrington Rotation,Observed Flux,Adjusted Flux,URSI Flux
2023-01-01,18:00:00,2459946.239,2266.016,153.0,147.9,133.1
2023-01-01,20:00:00,2459946.322,2266.019,152.6,147.5,132.8
2023-01-01,22:00:00,2459946.406,2266.022,151.5,146.5,131.8
2023-01-02,18:00:00,2459947.239,2266.052,148.3,143.4,129.0
2023-01-02,20:00:00,2459947.322,2266.055,146.4,141.5,127.4
2023-01-02,22:00:00,2459947.406,2266.059,145.5,140.7,126.6
2023-01-03,18:00:00,2459948.239,2266.089,155.4,150.3,135.2
2023-01-03,18:00:00,2459948.239,2266.080,152.0,146.9,132.2
2023-01-03,20:00:00,2459948.322,2266.092,148.5,143.6,129.2
2023-01-03,22:00:00,2459948.406,2266.095,147.3,142.4,128.1
2023-01-04,18:00:00,2459949.239,2266.126,148.6,143.7,129.3
2023-01-04,20:00:00,2459949.322,2266.129,151.0,146.0,131.4
2023-01-04,22:00:00,2459949.406,2266.132,147.5,142.6,128.3
2023-01-05,18:00:00,2459950.239,2266.162,155.1,150.0,135.0
2023-01-05,20:00:00,2459950.322,2266.165,154.3,149.2,134.2
2023-01-05,22:00:00,2459950.406,2266.169,154.1,149.0,134.1
2023-01-06,18:00:00,2459951.239,2266.199,173.4,167.7,150.9
2023-01-06,20:00:00,2459951.322,2266.202,172.4,166.7,150.0
2023-01-06,22:00:00,2459951.406,2266.205,172.0,166.3,149.7
2023-01-07,18:00:00,2459952.239,2266.236,178.4,172.5,155.2
2023-01-07,20:00:00,2459952.322,2266.239,178.9,173.0,155.7
2023-01-07,22:00:00,2459952.406,2266.242,178.9,173.0,155.7
2023-01-08,18:00:00,2459953.239,2266.272,182.9,176.9,159.2
2023-01-08,20:00:00,2459953.322,2266.275,183.8,177.8,160.0
2023-01-08,20:00:00,2459953.322,2266.270,182.5,176.4,158.8
2023-01-08,22:00:00,2459953.406,2266.278,179.3,173.4,156.0
2023-01-08,22:00:00,2459953.406,2266.270,177.3,171.5,154.3
2023-01-09,18:00:00,2459954.239,2266.309,188.0,181.8,163.7
2023-01-09,20:00:00,2459954.322,2266.312,190.9,184.7,166.2
2023-01-09,22:00:00,2459954.406,2266.315,188.3,182.1,163.9
2023-01-10,18:00:00,2459955.239,2266.346,199.0,192.5,173.2
2023-01-10,20:00:00,2459955.322,2266.349,193.0,186.6,168.0
2023-01-10,22:00:00,2459955.406,2266.352,190.1,183.8,165.5
2023-01-11,18:00:00,2459956.239,2266.382,196.7,190.2,171.2
2023-01-11,20:00:00,2459956.322,2266.385,195.1,188.7,169.8
2023-01-11,22:00:00,2459956.406,2266.388,200.8,194.2,174.8
2023-01-12,18:00:00,2459957.239,2266.419,206.7,199.9,179.9
2023-01-12,20:00:00,2459957.322,2266.422,211.6,204.7,184.2
2023-01-12,22:00:00,2459957.406,2266.425,207.9,201.1,181.0
2023-01-13,18:00:00,2459958.239,2266.456,218.6,211.5,190.4
2023-01-13,20:00:00,2459958.322,2266.459,208.5,201.7,181.6
2023-01-13,22:00:00,2459958.406,2266.462,215.2,208.1,187.3
2023-01-14,18:00:00,2459959.239,2266.492,222.1,214.9,193.4
2023-01-14,20:00:00,2459959.322,2266.495,227.8,220.4,198.4
2023-01-14,22:00:00,2459959.406,2266.498,239.3,231.5,208.4
2023-01-15,18:00:00,2459960.239,2266.529,244.9,237.0,213.3
2023-01-15,20:00:00,2459960.322,2266.532,234.3,226.7,204.0
2023-01-15,22:00:00,2459960.406,2266.535,231.8,224.3,201.9
2023-01-16,18:00:00,2459961.239,2266.566,230.7,223.3,200.9
2023-01-16,20:00:00,2459961.322,2266.569,228.1,220.7,198.7
2023-01-16,22:00:00,2459961.406,2266.572,233.0,225.5,202.9
2023-01-17,18:00:00,2459962.239,2266.602,224.1,216.9,195.2
2023-01-17,20:00:00,2459962.322,2266.605,221.7,214.6,193.2
2023-01-17,22:00:00,2459962.406,2266.608,221.3,214.2,192.8
2023-01-18,18:00:00,2459963.239,2266.639,217.1,210.1,189.1
2023-01-18,20:00:00,2459963.322,2266.642,220.3,213.2,191.9
2023-01-18,22:00:00,2459963.406,2266.645,219.1,212.1,190.9
2023-01-19,18:00:00,2459964.239,2266.676,224.6,217.4,195.7
2023-01-19,20:00:00,2459964.322,2266.679,226.1,218.9,197.0
2023-01-19,22:00:00,2459964.406,2266.682,230.1,222.8,200.5
2023-01-20,18:00:00,2459965.239,2266.712,224.2,217.1,195.4
2023-01-20,20:00:00,2459965.322,2266.715,217.5,210.6,189.6
2023-01-20,22:00:00,2459965.406,2266.718,219.5,212.6,191.3
2023-01-21,18:00:00,2459966.239,2266.749,211.8,205.1,184.6
2023-01-21,20:00:00,2459966.322,2266.752,208.7,202.1,181.9
2023-01-21,22:00:00,2459966.406,2266.755,205.3,198.8,179.0
2023-01-22,18:00:00,2459967.239,2266.786,202.6,196.2,176.6
2023-01-22,20:00:00,2459967.322,2266.789,198.6,192.3,173.1
2023-01-22,22:00:00,2459967.406,2266.792,206.1,199.7,179.7
2023-01-23,18:00:00,2459968.239,2266.822,189.3,183.4,165.1
2023-01-23,20:00:00,2459968.322,2266.825,189.1,183.2,164.9
2023-01-23,22:00:00,2459968.406,2266.828,191.8,185.9,167.3
2023-01-24,18:00:00,2459969.239,2266.859,183.8,178.1,160.3
2023-01-24,20:00:00,2459969.322,2266.862,180.2,174.6,157.1
2023-01-24,22:00:00,2459969.406,2266.865,176.6,171.1,154.0
2023-01-25,18:00:00,2459970.239,2266.896,175.5,170.1,153.1
2023-01-25,20:00:00,2459970.322,2266.899,171.8,166.5,149.9
2023-01-25,22:00:00,2459970.406,2266.902,170.5,165.3,148.8
2023-01-26,18:00:00,2459971.239,2266.932,152.4,147.8,133.0
2023-01-26,20:00:00,2459971.322,2266.935,150.6,146.0,131.4
2023-01-26,22:00:00,2459971.406,2266.938,146.4,141.9,127.7
2023-01-27,18:00:00,2459972.239,2266.969,144.5,140.1,126.1
2023-01-27,20:00:00,2459972.322,2266.972,144.9,140.5,126.5
2023-01-27,22:00:00,2459972.406,2266.975,140.8,136.6,122.9
2023-01-28,18:00:00,2459973.239,2267.006,136.9,132.7,119.5
2023-01-28,20:00:00,2459973.322,2267.009,137.6,133.4,120.1
2023-01-28,22:00:00,2459973.406,2267.012,135.0,131.0,117.9
2023-01-29,18:00:00,2459974.239,2267.042,134.5,130.5,117.4
2023-01-29,20:00:00,2459974.322,2267.045,137.0,132.9,119.6
2023-01-29,22:00:00,2459974.406,2267.048,134.5,130.5,117.4
2023-01-30,18:00:00,2459975.239,2267.079,135.7,131.6,118.5
2023-01-30,20:00:00,2459975.322,2267.082,135.9,131.9,118.7
2023-01-30,22:00:00,2459975.406,2267.085,135.5,131.5,118.3
2023-01-31,18:00:00,2459976.239,2267.116,139.3,135.2,121.7
2023-01-31,20:00:00,2459976.322,2267.119,137.0,132.9,119.6
2023-01-31,22:00:00,2459976.406,2267.122,138.1,134.1,120.7
2023-02-01,18:00:00,2459977.239,2267.152,134.6,130.7,117.6
2023-02-01,20:00:00,2459977.322,2267.155,133.5,129.6,116.6
2023-02-01,22:00:00,2459977.406,2267.158,135.8,131.9,118.7
2023-02-02,18:00:00,2459978.239,2267.189,134.7,130.8,117.7
2023-02-02,20:00:00,2459978.322,2267.192,134.9,131.0,117.9
2023-02-02,22:00:00,2459978.406,2267.195,134.4,130.6,117.5
2023-02-03,18:00:00,2459979.239,2267.226,135.3,131.5,118.3
2023-02-03,20:00:00,2459979.322,2267.229,134.5,130.7,117.6
2023-02-03,22:00:00,2459979.406,2267.232,134.9,131.0,117.9
2023-02-04,18:00:00,2459980.239,2267.262,140.9,136.9,123.2
2023-02-04,20:00:00,2459980.322,2267.265,139.0,135.1,121.6
2023-02-04,22:00:00,2459980.406,2267.268,141.7,137.7,123.9
2023-02-05,18:00:00,2459981.239,2267.299,141.8,137.8,124.0
2023-02-05,20:00:00,2459981.322,2267.302,144.0,140.0,126.0
2023-02-05,22:00:00,2459981.406,2267.305,146.0,141.9,127.7
2023-02-06,18:00:00,2459982.239,2267.336,153.8,149.6,134.6
2023-02-06,20:00:00,2459982.322,2267.339,156.7,152.4,137.1
2023-02-06,22:00:00,2459982.406,2267.342,157.5,153.1,137.8
2023-02-07,18:00:00,2459983.239,2267.372,181.1,176.2,158.6
2023-02-07,20:00:00,2459983.322,2267.375,184.7,179.7,161.7
2023-02-07,22:00:00,2459983.406,2267.378,185.2,180.2,162.2
2023-02-08,18:00:00,2459984.239,2267.409,192.3,187.1,168.4
2023-02-08,20:00:00,2459984.322,2267.412,197.6,192.3,173.0
2023-02-08,22:00:00,2459984.406,2267.415,214.6,208.8,187.9
2023-02-09,18:00:00,2459985.239,2267.446,208.3,202.7,182.4
2023-02-09,20:00:00,2459985.322,2267.449,214.9,209.1,188.2
2023-02-09,22:00:00,2459985.406,2267.452,201.7,196.4,176.7
2023-02-10,18:00:00,2459986.239,2267.482,218.1,212.4,191.1
2023-02-10,20:00:00,2459986.322,2267.485,207.8,202.3,182.1
2023-02-10,22:00:00,2459986.406,2267.488,212.5,206.9,186.2
2023-02-11,18:00:00,2459987.239,2267.519,216.3,210.7,189.6
2023-02-11,20:00:00,2459987.322,2267.522,209.5,204.1,183.7
2023-02-11,22:00:00,2459987.406,2267.525,210.0,204.6,184.1
2023-02-12,18:00:00,2459988.239,2267.556,199.0,193.9,174.5
2023-02-12,20:00:00,2459988.322,2267.559,199.7,194.6,175.1
2023-02-12,22:00:00,2459988.406,2267.562,197.6,192.5,173.3
2023-02-13,18:00:00,2459989.239,2267.592,189.9,185.1,166.6
2023-02-13,18:00:00,2459989.239,2267.590,188.0,183.3,164.9
2023-02-13,20:00:00,2459989.322,2267.595,189.2,184.4,166.0
2023-02-13,22:00:00,2459989.406,2267.598,186.8,182.1,163.9
2023-02-14,18:00:00,2459990.239,2267.629,179.5,175.0,157.5
2023-02-14,20:00:00,2459990.322,2267.632,179.7,175.3,157.8
2023-02-14,22:00:00,2459990.406,2267.635,178.5,174.1,156.7
2023-02-15,18:00:00,2459991.239,2267.666,175.0,170.8,153.7
2023-02-15,20:00:00,2459991.322,2267.669,173.7,169.5,152.6
2023-02-15,22:00:00,2459991.406,2267.672,171.6,167.4,150.7
2023-02-16,18:00:00,2459992.239,2267.702,166.9,162.9,146.6
2023-02-16,20:00:00,2459992.322,2267.705,163.2,159.2,143.3
2023-02-16,22:00:00,2459992.406,2267.708,168.2,164.1,147.7
2023-02-17,18:00:00,2459993.239,2267.739,165.0,161.1,145.0
2023-02-17,20:00:00,2459993.322,2267.742,343.1,335.0,301.5
2023-02-17,22:00:00,2459993.406,2267.745,182.0,177.7,160.0
2023-02-18,18:00:00,2459994.239,2267.776,168.3,164.4,147.9
2023-02-18,20:00:00,2459994.322,2267.779,167.4,163.6,147.2
2023-02-18,20:00:00,2459994.322,2267.770,167.2,163.3,147.0
2023-02-18,22:00:00,2459994.406,2267.782,165.5,161.7,145.5
2023-02-19,18:00:00,2459995.239,2267.812,166.1,162.3,146.1
2023-02-19,20:00:00,2459995.322,2267.815,169.0,165.2,148.7
2023-02-19,22:00:00,2459995.406,2267.818,168.1,164.2,147.8
2023-02-20,18:00:00,2459996.239,2267.849,162.6,159.0,143.1
2023-02-20,20:00:00,2459996.322,2267.852,159.8,156.3,140.6
2023-02-20,22:00:00,2459996.406,2267.855,159.4,155.9,140.3
2023-02-21,18:00:00,2459997.239,2267.886,160.3,156.8,141.1
2023-02-21,20:00:00,2459997.322,2267.889,160.9,157.4,141.7
2023-02-21,22:00:00,2459997.406,2267.892,161.5,157.9,142.2
2023-02-22,18:00:00,2459998.239,2267.922,151.7,148.4,133.6
2023-02-22,20:00:00,2459998.322,2267.925,151.9,148.6,133.8
2023-02-22,22:00:00,2459998.406,2267.928,153.0,149.8,134.8
2023-02-23,18:00:00,2459999.239,2267.959,150.3,147.2,132.5
2023-02-23,20:00:00,2459999.322,2267.962,148.2,145.1,130.6
2023-02-23,22:00:00,2459999.406,2267.965,151.1,147.9,133.1
2023-02-24,18:00:00,2460000.239,2267.996,159.7,156.4,140.7
2023-02-24,20:00:00,2460000.322,2267.999,164.1,160.7,144.6
2023-02-24,22:00:00,2460000.406,2268.002,187.4,183.5,165.2
2023-02-25,18:00:00,2460001.239,2268.032,152.4,149.4,134.4
2023-02-25,20:00:00,2460001.322,2268.035,279.3,273.7,246.3
2023-02-25,22:00:00,2460001.406,2268.038,179.5,175.9,158.3
2023-02-26,18:00:00,2460002.239,2268.069,158.8,155.6,140.1
2023-02-26,20:00:00,2460002.322,2268.072,159.0,155.9,140.3
2023-02-26,22:00:00,2460002.406,2268.075,159.7,156.5,140.9
2023-02-27,18:00:00,2460003.239,2268.106,160.7,157.6,141.8
2023-02-27,20:00:00,2460003.322,2268.109,161.2,158.1,142.3
2023-02-27,22:00:00,2460003.406,2268.112,156.9,153.9,138.5
2023-02-28,18:00:00,2460004.239,2268.142,169.8,166.6,149.9
2023-02-28,20:00:00,2460004.322,2268.145,160.9,157.9,142.1
2023-02-28,22:00:00,2460004.406,2268.148,162.8,159.7,143.7
2023-03-01,17:00:00,2460005.197,2268.177,157.2,154.3,138.9
2023-03-01,20:00:00,2460005.322,2268.182,162.0,159.0,143.1
2023-03-01,23:00:00,2460005.447,2268.187,161.1,158.2,142.3
2023-03-02,17:00:00,2460006.197,2268.214,164.9,161.9,145.7
2023-03-02,20:00:00,2460006.322,2268.219,168.8,165.8,149.2
2023-03-02,23:00:00,2460006.447,2268.223,171.1,168.1,151.2
2023-03-03,17:00:00,2460007.197,2268.251,175.7,172.6,155.4
2023-03-03,20:00:00,2460007.322,2268.255,190.9,187.5,168.8
2023-03-03,23:00:00,2460007.447,2268.260,171.6,168.6,151.8
2023-03-04,17:00:00,2460008.197,2268.287,191.1,187.8,169.1
2023-03-04,20:00:00,2460008.322,2268.292,181.6,178.6,160.7
2023-03-04,23:00:00,2460008.447,2268.297,179.9,176.8,159.2
2023-03-05,17:00:00,2460009.197,2268.324,192.7,189.6,170.6
2023-03-05,20:00:00,2460009.322,2268.329,179.8,176.8,159.1
2023-03-05,23:00:00,2460009.447,2268.333,183.7,180.7,162.6
2023-03-06,17:00:00,2460010.197,2268.361,186.8,183.8,165.4
2023-03-06,20:00:00,2460010.322,2268.365,188.0,185.0,166.5
2023-03-06,23:00:00,2460010.447,2268.370,189.8,186.8,168.1
2023-03-07,17:00:00,2460011.197,2268.397,180.0,177.2,159.5
2023-03-07,20:00:00,2460011.322,2268.402,180.3,177.5,159.8
2023-03-07,23:00:00,2460011.447,2268.406,183.6,180.8,162.7
2023-03-08,17:00:00,2460012.197,2268.434,176.1,173.5,156.1
2023-03-08,20:00:00,2460012.322,2268.439,181.9,179.2,161.3
2023-03-08,23:00:00,2460012.447,2268.443,178.0,175.4,157.9
2023-03-09,17:00:00,2460013.197,2268.471,179.3,176.7,159.0
2023-03-09,20:00:00,2460013.322,2268.475,178.8,176.2,158.6
2023-03-09,23:00:00,2460013.447,2268.480,175.7,173.2,155.9
2023-03-10,17:00:00,2460014.197,2268.507,172.2,169.8,152.9
2023-03-10,20:00:00,2460014.322,2268.512,171.2,168.8,151.9
2023-03-10,23:00:00,2460014.447,2268.516,172.0,169.6,152.7
2023-03-11,17:00:00,2460015.197,2268.544,160.9,158.7,142.8
2023-03-11,20:00:00,2460015.322,2268.549,157.4,155.3,139.8
2023-03-11,23:00:00,2460015.447,2268.553,156.9,154.8,139.3
2023-03-12,17:00:00,2460016.197,2268.581,148.4,146.5,131.8
2023-03-12,20:00:00,2460016.322,2268.585,150.0,148.1,133.3
2023-03-12,23:00:00,2460016.447,2268.590,150.0,148.1,133.3
2023-03-13,17:00:00,2460017.197,2268.617,143.7,141.9,127.7
2023-03-13,20:00:00,2460017.322,2268.622,143.3,141.5,127.4
2023-03-13,23:00:00,2460017.447,2268.626,143.2,141.4,127.3
2023-03-14,17:00:00,2460018.197,2268.654,139.8,138.2,124.3
2023-03-14,20:00:00,2460018.322,2268.659,138.5,136.9,123.2
2023-03-14,23:00:00,2460018.447,2268.663,139.4,137.8,124.0
2023-03-15,17:00:00,2460019.197,2268.691,133.6,132.1,118.9
2023-03-15,20:00:00,2460019.322,2268.695,135.7,134.2,120.8
2023-03-15,23:00:00,2460019.447,2268.700,137.7,136.1,122.5
2023-03-16,17:00:00,2460020.197,2268.727,134.6,133.2,119.9
2023-03-16,20:00:00,2460020.322,2268.732,135.4,133.9,120.5
2023-03-16,23:00:00,2460020.447,2268.736,134.9,133.5,120.2
2023-03-17,17:00:00,2460021.197,2268.764,135.9,134.5,121.1
2023-03-17,20:00:00,2460021.322,2268.769,134.2,132.9,119.6
2023-03-17,23:00:00,2460021.447,2268.773,137.7,136.3,122.7
2023-03-18,17:00:00,2460022.197,2268.801,135.1,133.8,120.4
2023-03-18,20:00:00,2460022.322,2268.805,140.3,139.0,125.1
2023-03-18,23:00:00,2460022.447,2268.810,141.1,139.8,125.8
2023-03-19,17:00:00,2460023.197,2268.837,141.9,140.6,126.5
2023-03-19,20:00:00,2460023.322,2268.842,142.7,141.4,127.3
2023-03-19,23:00:00,2460023.447,2268.846,144.0,142.7,128.4
2023-03-20,17:00:00,2460024.197,2268.874,158.3,156.9,141.2
2023-03-20,20:00:00,2460024.322,2268.879,156.1,154.8,139.3
2023-03-20,23:00:00,2460024.447,2268.883,154.1,152.9,137.6
2023-03-21,17:00:00,2460025.197,2268.911,150.7,149.6,134.6
2023-03-21,20:00:00,2460025.322,2268.915,151.6,150.4,135.4
2023-03-21,23:00:00,2460025.447,2268.920,152.0,150.8,135.7
2023-03-22,17:00:00,2460026.197,2268.947,153.9,152.8,137.5
2023-03-22,20:00:00,2460026.322,2268.952,158.9,157.7,141.9
2023-03-22,23:00:00,2460026.447,2268.956,156.1,155.0,139.5
2023-03-23,17:00:00,2460027.197,2268.984,151.1,150.1,135.0
2023-03-23,20:00:00,2460027.322,2268.989,151.0,150.0,135.0
2023-03-23,23:00:00,2460027.447,2268.993,149.6,148.7,133.8
2023-03-24,17:00:00,2460028.197,2269.021,160.1,159.1,143.2
2023-03-24,20:00:00,2460028.322,2269.025,157.5,156.6,140.9
2023-03-24,23:00:00,2460028.447,2269.030,162.0,161.1,145.0
2023-03-25,17:00:00,2460029.197,2269.057,160.8,159.9,143.9
2023-03-25,20:00:00,2460029.322,2269.062,160.3,159.4,143.5
2023-03-25,23:00:00,2460029.447,2269.066,157.2,156.3,140.7
2023-03-26,17:00:00,2460030.197,2269.094,162.1,161.3,145.1
2023-03-26,20:00:00,2460030.322,2269.099,159.4,158.6,142.8
2023-03-26,23:00:00,2460030.447,2269.103,154.7,153.9,138.5
2023-03-27,17:00:00,2460031.197,2269.131,161.1,160.4,144.4
2023-03-27,20:00:00,2460031.322,2269.135,158.2,157.5,141.8
2023-03-27,23:00:00,2460031.447,2269.140,158.0,157.3,141.6
2023-03-28,17:00:00,2460032.197,2269.167,159.0,158.3,142.5
2023-03-28,20:00:00,2460032.322,2269.172,158.7,158.1,142.3
2023-03-28,23:00:00,2460032.447,2269.176,162.2,161.6,145.4
2023-03-29,17:00:00,2460033.197,2269.204,151.9,151.4,136.3
2023-03-29,20:00:00,2460033.322,2269.209,147.8,147.3,132.6
2023-03-29,23:00:00,2460033.447,2269.213,148.7,148.2,133.4
2023-03-30,17:00:00,2460034.197,2269.241,137.6,137.2,123.5
2023-03-30,20:00:00,2460034.322,2269.245,140.3,140.0,126.0
2023-03-30,23:00:00,2460034.447,2269.250,136.3,135.9,122.3
2023-03-31,17:00:00,2460035.197,2269.277,131.7,131.4,118.2
2023-03-31,20:00:00,2460035.322,2269.282,129.3,129.0,116.1
2023-03-31,23:00:00,2460035.447,2269.286,130.1,129.8,116.9
2023-04-01,17:00:00,2460036.197,2269.314,126.2,126.0,113.4
2023-04-01,20:00:00,2460036.322,2269.318,125.3,125.1,112.6
2023-04-01,23:00:00,2460036.447,2269.323,125.4,125.2,112.7
2023-04-02,17:00:00,2460037.197,2269.351,127.3,127.2,114.5
2023-04-02,20:00:00,2460037.322,2269.355,126.9,126.7,114.1
2023-04-02,23:00:00,2460037.447,2269.360,128.6,128.5,115.7
2023-04-03,17:00:00,2460038.197,2269.387,131.6,131.6,118.4
2023-04-03,20:00:00,2460038.322,2269.392,133.6,133.5,120.2
2023-04-03,23:00:00,2460038.447,2269.396,134.8,134.7,121.3
2023-04-04,17:00:00,2460039.197,2269.424,135.0,135.0,121.5
2023-04-04,20:00:00,2460039.322,2269.428,135.7,135.7,122.2
2023-04-04,23:00:00,2460039.447,2269.433,134.7,134.7,121.2
2023-04-05,17:00:00,2460040.197,2269.461,136.1,136.2,122.6
2023-04-05,20:00:00,2460040.322,2269.465,136.6,136.7,123.0
2023-04-05,23:00:00,2460040.447,2269.470,135.2,135.3,121.7
2023-04-06,17:00:00,2460041.197,2269.497,137.5,137.6,123.9
2023-04-06,20:00:00,2460041.322,2269.502,137.1,137.2,123.5
2023-04-06,23:00:00,2460041.447,2269.506,136.8,137.0,123.3
2023-04-07,17:00:00,2460042.197,2269.534,133.2,133.4,120.1
2023-04-07,20:00:00,2460042.322,2269.538,136.3,136.6,122.9
2023-04-07,23:00:00,2460042.447,2269.543,138.9,139.1,125.2
2023-04-08,17:00:00,2460043.197,2269.571,138.6,138.9,125.0
2023-04-08,20:00:00,2460043.322,2269.575,135.9,136.2,122.6
2023-04-08,23:00:00,2460043.447,2269.580,138.3,138.6,124.8
2023-04-09,17:00:00,2460044.197,2269.607,141.0,141.4,127.3
2023-04-09,20:00:00,2460044.322,2269.612,140.3,140.7,126.6
2023-04-09,23:00:00,2460044.447,2269.616,144.8,145.3,130.7
2023-04-10,17:00:00,2460045.197,2269.644,140.3,140.8,126.7
2023-04-10,20:00:00,2460045.322,2269.648,139.8,140.3,126.3
2023-04-10,23:00:00,2460045.447,2269.653,143.7,144.2,129.8
2023-04-11,17:00:00,2460046.197,2269.681,144.5,145.1,130.6
2023-04-11,20:00:00,2460046.322,2269.685,143.4,144.0,129.6
2023-04-11,23:00:00,2460046.447,2269.690,146.3,146.9,132.2
2023-04-12,17:00:00,2460047.197,2269.717,153.8,154.6,139.1
2023-04-12,20:00:00,2460047.322,2269.722,154.0,154.7,139.2
2023-04-12,23:00:00,2460047.447,2269.726,151.9,152.6,137.4
2023-04-13,17:00:00,2460048.197,2269.754,157.0,157.8,142.1
2023-04-13,20:00:00,2460048.322,2269.758,159.5,160.4,144.3
2023-04-13,23:00:00,2460048.447,2269.763,159.8,160.7,144.6
2023-04-14,17:00:00,2460049.197,2269.791,169.8,170.7,153.7
2023-04-14,20:00:00,2460049.322,2269.795,171.3,172.3,155.1
2023-04-14,23:00:00,2460049.447,2269.800,174.2,175.2,157.7
2023-04-15,17:00:00,2460050.197,2269.827,179.6,180.7,162.6
2023-04-15,20:00:00,2460050.322,2269.832,175.8,176.9,159.2
2023-04-15,23:00:00,2460050.447,2269.836,179.2,180.3,162.3
2023-04-16,17:00:00,2460051.197,2269.864,173.2,174.4,156.9
2023-04-16,20:00:00,2460051.322,2269.868,177.8,179.1,161.1
2023-04-16,23:00:00,2460051.447,2269.873,173.4,174.7,157.2
2023-04-17,17:00:00,2460052.197,2269.901,173.2,174.5,157.1
2023-04-17,20:00:00,2460052.322,2269.905,166.6,167.8,151.1
2023-04-17,23:00:00,2460052.447,2269.910,164.1,165.4,148.8
2023-04-18,17:00:00,2460053.197,2269.937,155.4,156.6,141.0
2023-04-18,20:00:00,2460053.322,2269.942,153.2,154.4,139.0
2023-04-18,23:00:00,2460053.447,2269.946,150.0,151.2,136.1
2023-04-19,17:00:00,2460054.197,2269.974,152.3,153.7,138.3
2023-04-19,20:00:00,2460054.322,2269.978,147.0,148.3,133.4
2023-04-19,23:00:00,2460054.447,2269.983,148.1,149.4,134.5
2023-04-20,17:00:00,2460055.197,2270.011,149.9,151.3,136.2
2023-04-20,20:00:00,2460055.322,2270.015,147.0,148.4,133.6
2023-04-20,23:00:00,2460055.447,2270.020,146.3,147.7,132.9
2023-04-21,17:00:00,2460056.197,2270.047,140.7,142.0,127.8
2023-04-21,20:00:00,2460056.322,2270.052,151.2,152.7,137.5
2023-04-21,23:00:00,2460056.447,2270.056,142.6,144.0,129.6
2023-04-22,17:00:00,2460057.197,2270.084,143.6,145.1,130.6
2023-04-22,20:00:00,2460057.322,2270.088,141.2,142.7,128.4
2023-04-22,23:00:00,2460057.447,2270.093,139.9,141.4,127.2
2023-04-23,17:00:00,2460058.197,2270.121,134.7,136.2,122.6
2023-04-23,20:00:00,2460058.322,2270.125,135.2,136.7,123.0
2023-04-23,23:00:00,2460058.447,2270.130,133.5,135.0,121.5
2023-04-24,17:00:00,2460059.197,2270.157,133.0,134.5,121.0
2023-04-24,20:00:00,2460059.322,2270.162,133.9,135.5,121.9
2023-04-24,23:00:00,2460059.447,2270.166,132.2,133.7,120.4
2023-04-25,17:00:00,2460060.197,2270.194,131.7,133.2,119.9
2023-04-25,20:00:00,2460060.322,2270.198,130.7,132.3,119.0
2023-04-25,23:00:00,2460060.447,2270.203,131.4,133.0,119.7
2023-04-26,17:00:00,2460061.197,2270.230,140.4,142.1,127.9
2023-04-26,20:00:00,2460061.322,2270.235,136.5,138.2,124.4
2023-04-26,23:00:00,2460061.447,2270.240,136.0,137.7,123.9
2023-04-27,17:00:00,2460062.197,2270.267,135.8,137.6,123.8
2023-04-27,20:00:00,2460062.322,2270.272,140.8,142.6,128.4
2023-04-27,23:00:00,2460062.447,2270.276,139.8,141.6,127.5
2023-04-28,17:00:00,2460063.197,2270.304,153.7,155.7,140.1
2023-04-28,20:00:00,2460063.322,2270.308,149.8,151.8,136.6
2023-04-28,23:00:00,2460063.447,2270.313,159.4,161.6,145.4
2023-04-29,17:00:00,2460064.197,2270.340,157.7,159.9,143.9
2023-04-29,20:00:00,2460064.322,2270.345,155.8,158.0,142.2
2023-04-29,23:00:00,2460064.447,2270.350,151.6,153.7,138.4
2023-04-30,17:00:00,2460065.197,2270.377,158.3,160.5,144.5
2023-04-30,20:00:00,2460065.322,2270.382,153.5,155.8,140.2
2023-04-30,23:00:00,2460065.447,2270.386,149.6,151.8,136.6
2023-05-01,17:00:00,2460066.197,2270.414,155.1,157.4,141.7
2023-05-01,20:00:00,2460066.322,2270.418,147.9,150.1,135.1
2023-05-01,23:00:00,2460066.447,2270.423,149.8,152.0,136.8
2023-05-02,17:00:00,2460067.197,2270.450,153.9,156.3,140.6
2023-05-02,20:00:00,2460067.322,2270.455,156.8,159.2,143.3
2023-05-02,23:00:00,2460067.447,2270.460,155.0,157.4,141.7
2023-05-03,17:00:00,2460068.197,2270.487,157.5,160.0,144.0
2023-05-03,20:00:00,2460068.322,2270.492,156.2,158.7,142.8
2023-05-03,23:00:00,2460068.447,2270.496,161.7,164.3,147.9
2023-05-04,17:00:00,2460069.197,2270.524,164.2,166.9,150.2
2023-05-04,20:00:00,2460069.322,2270.528,162.0,164.7,148.2
2023-05-04,23:00:00,2460069.447,2270.533,160.0,162.6,146.4
2023-05-05,17:00:00,2460070.197,2270.560,161.5,164.2,147.8
2023-05-05,20:00:00,2460070.322,2270.565,161.9,164.7,148.2
2023-05-05,23:00:00,2460070.447,2270.570,161.6,164.3,147.9
2023-05-06,17:00:00,2460071.197,2270.597,153.9,156.6,140.9
2023-05-06,20:00:00,2460071.322,2270.602,151.8,154.5,139.0
2023-05-06,23:00:00,2460071.447,2270.606,155.1,157.8,142.1
2023-05-07,17:00:00,2460072.197,2270.634,159.2,162.1,145.9
2023-05-07,20:00:00,2460072.322,2270.638,157.2,160.0,144.0
2023-05-07,23:00:00,2460072.447,2270.643,183.2,186.5,167.8
2023-05-08,17:00:00,2460073.197,2270.660,161.2,164.2,147.8
2023-05-08,20:00:00,2460073.322,2270.670,171.9,175.1,157.6
2023-05-08,23:00:00,2460073.447,2270.670,164.9,168.0,151.2
2023-05-09,17:00:00,2460074.197,2270.700,168.5,171.7,154.5
2023-05-09,20:00:00,2460074.322,2270.700,194.7,198.4,178.6
2023-05-09,23:00:00,2460074.447,2270.710,173.4,176.7,159.1
2023-05-10,17:00:00,2460075.197,2270.740,166.8,170.0,153.0
2023-05-10,20:00:00,2460075.322,2270.740,170.1,173.4,156.0
2023-05-10,23:00:00,2460075.447,2270.750,166.9,170.1,153.1
2023-05-11,17:00:00,2460076.197,2270.770,164.5,167.7,151.0
2023-05-11,20:00:00,2460076.322,2270.780,163.4,166.7,150.0
2023-05-11,23:00:00,2460076.447,2270.780,161.9,165.1,148.6
2023-05-12,17:00:00,2460077.197,2270.810,151.9,155.0,139.5
2023-05-12,20:00:00,2460077.322,2270.810,149.1,152.2,136.9
2023-05-12,23:00:00,2460077.447,2270.820,147.0,150.0,135.0
2023-05-13,17:00:00,2460078.197,2270.850,143.7,146.7,132.0
2023-05-13,20:00:00,2460078.322,2270.850,143.8,146.8,132.1
2023-05-13,23:00:00,2460078.447,2270.860,144.2,147.2,132.5
2023-05-14,17:00:00,2460079.197,2270.880,138.3,141.2,127.1
2023-05-14,20:00:00,2460079.322,2270.890,139.7,142.7,128.4
2023-05-14,23:00:00,2460079.447,2270.890,138.1,141.1,127.0
2023-05-15,17:00:00,2460080.197,2270.920,135.8,138.7,124.9
2023-05-15,20:00:00,2460080.322,2270.920,134.5,137.4,123.7
2023-05-15,23:00:00,2460080.447,2270.930,132.8,135.7,122.1
2023-05-16,17:00:00,2460081.197,2270.960,131.9,134.8,121.3
2023-05-16,20:00:00,2460081.322,2270.960,134.3,137.3,123.6
2023-05-16,23:00:00,2460081.447,2270.970,134.1,137.0,123.3
2023-05-17,17:00:00,2460082.197,2270.990,136.3,139.4,125.5
2023-05-17,20:00:00,2460082.322,2271.000,137.9,141.0,126.9
2023-05-17,23:00:00,2460082.447,2271.000,142.0,145.3,130.7
2023-05-18,17:00:00,2460083.197,2271.030,148.9,152.3,137.1
2023-05-18,20:00:00,2460083.322,2271.030,150.6,154.1,138.7
2023-05-18,23:00:00,2460083.447,2271.040,160.8,164.5,148.0
2023-05-19,17:00:00,2460084.197,2271.070,159.9,163.6,147.3
2023-05-19,20:00:00,2460084.322,2271.070,164.6,168.5,151.6
2023-05-19,23:00:00,2460084.447,2271.080,163.0,166.8,150.2
2023-05-20,17:00:00,2460085.197,2271.100,162.5,166.3,149.7
2023-05-20,20:00:00,2460085.322,2271.110,169.6,173.7,156.3
2023-05-20,23:00:00,2460085.447,2271.110,171.0,175.1,157.6
2023-05-21,17:00:00,2460086.197,2271.140,164.3,168.3,151.5
2023-05-21,20:00:00,2460086.322,2271.140,163.4,167.3,150.6
2023-05-21,23:00:00,2460086.447,2271.150,162.9,166.9,150.2
2023-05-22,17:00:00,2460087.197,2271.180,160.3,164.2,147.8
2023-05-22,20:00:00,2460087.322,2271.180,161.5,165.5,148.9
2023-05-22,23:00:00,2460087.447,2271.190,158.7,162.6,146.4
2023-05-23,17:00:00,2460088.197,2271.210,159.2,163.1,146.8
2023-05-23,20:00:00,2460088.322,2271.220,154.9,158.8,142.9
2023-05-23,23:00:00,2460088.447,2271.220,154.1,157.9,142.1
2023-05-24,17:00:00,2460089.197,2271.250,170.4,174.7,157.2
2023-05-24,20:00:00,2460089.322,2271.250,164.1,168.2,151.4
2023-05-24,23:00:00,2460089.447,2271.260,155.2,159.1,143.2
2023-05-25,17:00:00,2460090.197,2271.290,151.7,155.6,140.1
2023-05-25,20:00:00,2460090.322,2271.290,152.1,156.0,140.4
2023-05-25,23:00:00,2460090.447,2271.300,149.6,153.4,138.1
2023-05-26,17:00:00,2460091.197,2271.320,148.5,152.4,137.2
2023-05-26,20:00:00,2460091.322,2271.330,149.0,152.9,137.6
2023-05-26,23:00:00,2460091.447,2271.330,153.4,157.4,141.7
2023-05-27,17:00:00,2460092.197,2271.360,154.0,158.1,142.3
2023-05-27,20:00:00,2460092.322,2271.360,156.9,161.1,145.0
2023-05-27,23:00:00,2460092.447,2271.370,154.1,158.1,142.3
2023-05-28,17:00:00,2460093.197,2271.400,151.3,155.4,139.9
2023-05-28,20:00:00,2460093.322,2271.400,151.3,155.4,139.8
2023-05-28,23:00:00,2460093.447,2271.410,149.3,153.3,138.0
2023-05-29,17:00:00,2460094.197,2271.430,154.9,159.1,143.2
2023-05-29,20:00:00,2460094.322,2271.440,154.4,158.6,142.7
2023-05-29,23:00:00,2460094.447,2271.440,155.4,159.6,143.7
2023-05-30,17:00:00,2460095.197,2271.470,161.3,165.7,149.1
2023-05-30,20:00:00,2460095.322,2271.470,162.0,166.5,149.8
2023-05-30,23:00:00,2460095.447,2271.480,163.3,167.8,151.0
2023-05-31,17:00:00,2460096.197,2271.510,161.5,166.0,149.4
2023-05-31,20:00:00,2460096.322,2271.510,161.4,165.9,149.3
2023-05-31,23:00:00,2460096.447,2271.520,167.5,172.2,155.0
2023-06-01,17:00:00,2460097.197,2271.540,157.4,161.8,145.6
2023-06-01,20:00:00,2460097.322,2271.550,163.9,168.5,151.7
2023-06-01,23:00:00,2460097.447,2271.550,166.3,171.0,153.9
2023-06-02,17:00:00,2460098.197,2271.580,162.1,166.7,150.0
2023-06-02,20:00:00,2460098.322,2271.580,162.3,166.9,150.2
2023-06-02,23:00:00,2460098.447,2271.590,165.8,170.5,153.5
2023-06-03,17:00:00,2460099.197,2271.620,162.7,167.4,150.7
2023-06-03,20:00:00,2460099.322,2271.620,164.6,169.3,152.4
2023-06-03,23:00:00,2460099.447,2271.630,162.1,166.7,150.0
2023-06-04,17:00:00,2460100.197,2271.650,165.6,170.4,153.3
2023-06-04,20:00:00,2460100.322,2271.660,168.3,173.2,155.9
2023-06-04,23:00:00,2460100.447,2271.660,164.8,169.6,152.6
2023-06-05,17:00:00,2460101.197,2271.690,168.5,173.4,156.0
2023-06-05,20:00:00,2460101.322,2271.690,169.2,174.1,156.7
2023-06-05,23:00:00,2460101.447,2271.700,168.9,173.8,156.5
2023-06-06,17:00:00,2460102.197,2271.734,169.0,174.0,156.6
2023-06-06,20:00:00,2460102.322,2271.738,171.8,176.9,159.2
2023-06-06,23:00:00,2460102.447,2271.743,171.8,176.9,159.2
2023-06-07,17:00:00,2460103.197,2271.760,167.3,172.3,155.1
2023-06-07,20:00:00,2460103.322,2271.770,167.2,172.1,154.9
2023-06-07,23:00:00,2460103.447,2271.770,170.0,175.1,157.6
2023-06-08,17:00:00,2460104.197,2271.800,167.4,172.4,155.2
2023-06-08,20:00:00,2460104.322,2271.800,168.5,173.6,156.2
2023-06-08,23:00:00,2460104.447,2271.810,169.2,174.4,156.9
2023-06-09,17:00:00,2460105.197,2271.840,176.8,182.2,163.9
2023-06-09,20:00:00,2460105.322,2271.840,164.3,169.3,152.4
2023-06-09,23:00:00,2460105.447,2271.850,164.4,169.4,152.5
2023-06-10,17:00:00,2460106.197,2271.870,160.2,165.1,148.6
2023-06-10,20:00:00,2460106.322,2271.880,161.2,166.1,149.5
2023-06-10,23:00:00,2460106.447,2271.880,165.2,170.2,153.2
2023-06-11,17:00:00,2460107.197,2271.910,154.7,159.5,143.5
2023-06-11,20:00:00,2460107.322,2271.910,153.8,158.6,142.7
2023-06-11,23:00:00,2460107.447,2271.920,152.8,157.5,141.7
2023-06-12,17:00:00,2460108.197,2271.950,147.4,152.0,136.8
2023-06-12,20:00:00,2460108.322,2271.950,146.1,150.7,135.6
2023-06-12,23:00:00,2460108.447,2271.960,149.1,153.7,138.3
2023-06-13,17:00:00,2460109.197,2271.980,144.4,148.9,134.0
2023-06-13,20:00:00,2460109.322,2271.990,146.3,150.9,135.8
2023-06-13,23:00:00,2460109.447,2271.990,146.1,150.7,135.7
2023-06-14,17:00:00,2460110.197,2272.020,144.6,149.2,134.3
2023-06-14,20:00:00,2460110.322,2272.020,143.5,148.0,133.2
2023-06-14,23:00:00,2460110.447,2272.030,145.6,150.2,135.2
2023-06-15,17:00:00,2460111.197,2272.060,150.9,155.7,140.2
2023-06-15,20:00:00,2460111.322,2272.060,153.1,157.9,142.1
2023-06-15,23:00:00,2460111.447,2272.070,154.2,159.1,143.2
2023-06-16,17:00:00,2460112.197,2272.090,154.5,159.4,143.4
2023-06-16,20:00:00,2460112.322,2272.100,157.2,162.2,146.0
2023-06-16,23:00:00,2460112.447,2272.100,156.5,161.5,145.4
2023-06-17,17:00:00,2460113.197,2272.130,160.8,165.9,149.3
2023-06-17,20:00:00,2460113.322,2272.130,158.1,163.2,146.9
2023-06-17,23:00:00,2460113.447,2272.140,159.6,164.8,148.3
2023-06-18,17:00:00,2460114.197,2272.170,164.1,169.4,152.4
2023-06-18,20:00:00,2460114.322,2272.170,164.1,169.4,152.5
2023-06-18,23:00:00,2460114.447,2272.180,166.3,171.7,154.5
2023-06-19,17:00:00,2460115.197,2272.200,170.0,175.5,157.9
2023-06-19,20:00:00,2460115.322,2272.210,168.8,174.3,156.9
2023-06-19,23:00:00,2460115.447,2272.210,171.5,177.1,159.4
2023-06-20,17:00:00,2460116.197,2272.240,232.2,239.8,215.8
2023-06-20,20:00:00,2460116.322,2272.240,180.1,186.0,167.4
2023-06-20,23:00:00,2460116.447,2272.250,172.1,177.7,159.9
2023-06-21,17:00:00,2460117.197,2272.280,175.4,181.1,163.0
2023-06-21,20:00:00,2460117.322,2272.280,176.4,182.2,164.0
2023-06-21,23:00:00,2460117.447,2272.290,176.2,182.0,163.8
2023-06-22,17:00:00,2460118.197,2272.310,177.9,183.7,165.4
2023-06-22,20:00:00,2460118.322,2272.320,173.2,178.8,161.0
2023-06-22,23:00:00,2460118.447,2272.320,171.5,177.2,159.4
2023-06-23,17:00:00,2460119.197,2272.350,169.9,175.4,157.9
2023-06-23,20:00:00,2460119.322,2272.350,169.7,175.2,157.7
2023-06-23,23:00:00,2460119.447,2272.360,169.7,175.3,157.8
2023-06-24,17:00:00,2460120.197,2272.390,163.3,168.7,151.9
2023-06-24,20:00:00,2460120.322,2272.390,160.8,166.1,149.5
2023-06-24,23:00:00,2460120.447,2272.400,159.6,164.9,148.4
2023-06-25,17:00:00,2460121.197,2272.420,153.9,159.0,143.1
2023-06-25,20:00:00,2460121.322,2272.430,154.8,159.9,143.9
2023-06-25,23:00:00,2460121.447,2272.430,154.7,159.9,143.9
2023-06-26,17:00:00,2460122.197,2272.460,152.9,158.0,142.2
2023-06-26,20:00:00,2460122.322,2272.460,157.7,162.9,146.6
2023-06-26,23:00:00,2460122.447,2272.470,156.7,161.9,145.7
2023-06-27,17:00:00,2460123.197,2272.500,152.7,157.8,142.0
2023-06-27,20:00:00,2460123.322,2272.500,151.2,156.2,140.6
2023-06-27,23:00:00,2460123.447,2272.510,154.0,159.1,143.2
2023-06-28,17:00:00,2460124.197,2272.530,150.0,155.0,139.5
2023-06-28,20:00:00,2460124.322,2272.540,154.9,160.1,144.1
2023-06-28,23:00:00,2460124.447,2272.540,155.7,160.9,144.8
2023-06-29,17:00:00,2460125.197,2272.577,163.0,168.4,151.6
2023-06-29,20:00:00,2460125.322,2272.570,162.2,167.6,150.8
2023-06-29,23:00:00,2460125.447,2272.580,162.0,167.4,150.6
2023-06-30,17:00:00,2460126.197,2272.610,160.9,166.3,149.6
2023-06-30,20:00:00,2460126.322,2272.610,158.6,163.9,147.5
2023-06-30,23:00:00,2460126.447,2272.620,160.0,165.3,148.8
2023-07-01,17:00:00,2460127.197,2272.650,164.3,169.8,152.8
2023-07-01,20:00:00,2460127.322,2272.650,165.5,171.0,153.9
2023-07-01,23:00:00,2460127.447,2272.650,162.0,167.5,150.7
2023-07-02,17:00:00,2460128.197,2272.687,173.8,179.6,161.7
2023-07-02,20:00:00,2460128.322,2272.680,170.2,175.9,158.3
2023-07-02,23:00:00,2460128.447,2272.690,207.2,214.1,192.7
2023-07-03,17:00:00,2460129.197,2272.724,176.4,182.3,164.0
2023-07-03,20:00:00,2460129.322,2272.720,173.2,179.0,161.1
2023-07-03,23:00:00,2460129.447,2272.730,171.2,177.0,159.3
2023-07-04,17:00:00,2460130.197,2272.750,164.4,169.9,152.9
2023-07-04,20:00:00,2460130.322,2272.760,167.2,172.8,155.5
2023-07-04,23:00:00,2460130.447,2272.760,163.2,168.7,151.8
2023-07-05,17:00:00,2460131.197,2272.790,154.0,159.2,143.3
2023-07-05,20:00:00,2460131.322,2272.790,154.6,159.8,143.8
2023-07-05,23:00:00,2460131.447,2272.800,154.0,159.2,143.3
2023-07-06,17:00:00,2460132.197,2272.830,155.2,160.4,144.4
2023-07-06,20:00:00,2460132.322,2272.830,157.6,162.9,146.6
2023-07-06,23:00:00,2460132.447,2272.840,157.5,162.8,146.6
2023-07-07,17:00:00,2460133.197,2272.860,159.8,165.2,148.7
2023-07-07,20:00:00,2460133.322,2272.870,161.4,166.8,150.1
2023-07-07,23:00:00,2460133.447,2272.870,160.0,165.4,148.8
2023-07-08,17:00:00,2460134.197,2272.900,161.3,166.7,150.0
2023-07-08,20:00:00,2460134.322,2272.900,160.5,165.9,149.3
2023-07-08,23:00:00,2460134.447,2272.910,161.8,167.3,150.5
2023-07-09,17:00:00,2460135.197,2272.940,177.7,183.7,165.3
2023-07-09,20:00:00,2460135.322,2272.940,179.2,185.2,166.7
2023-07-09,23:00:00,2460135.447,2272.950,181.2,187.3,168.5
2023-07-10,17:00:00,2460136.197,2272.970,184.1,190.3,171.2
2023-07-10,20:00:00,2460136.322,2272.980,190.6,196.9,177.2
2023-07-10,23:00:00,2460136.447,2272.980,188.0,194.3,174.9
2023-07-11,17:00:00,2460137.197,2273.010,198.5,205.1,184.6
2023-07-11,20:00:00,2460137.322,2273.010,213.5,220.6,198.6
2023-07-11,23:00:00,2460137.447,2273.020,216.0,223.2,200.9
2023-07-12,17:00:00,2460138.197,2273.050,191.6,198.0,178.2
2023-07-12,20:00:00,2460138.322,2273.050,193.3,199.7,179.8
2023-07-12,23:00:00,2460138.447,2273.060,196.3,202.8,182.5
2023-07-13,17:00:00,2460139.197,2273.080,197.2,203.8,183.4
2023-07-13,20:00:00,2460139.322,2273.090,202.9,209.7,188.7
2023-07-13,23:00:00,2460139.447,2273.090,195.3,201.8,181.6
2023-07-14,17:00:00,2460140.197,2273.120,182.8,188.9,170.0
2023-07-14,20:00:00,2460140.322,2273.120,180.6,186.6,168.0
2023-07-14,23:00:00,2460140.447,2273.130,181.4,187.5,168.7
2023-07-15,17:00:00,2460141.197,2273.160,177.2,183.1,164.8
2023-07-15,20:00:00,2460141.322,2273.160,178.5,184.5,166.0
2023-07-15,23:00:00,2460141.447,2273.170,183.6,189.6,170.7
2023-07-16,17:00:00,2460142.197,2273.190,181.3,187.4,168.6
2023-07-16,20:00:00,2460142.322,2273.200,184.3,190.4,171.4
2023-07-16,23:00:00,2460142.447,2273.200,181.3,187.3,168.6
2023-07-17,17:00:00,2460143.197,2273.230,186.5,192.7,173.4
2023-07-17,20:00:00,2460143.322,2273.230,180.0,185.9,167.3
2023-07-17,23:00:00,2460143.447,2273.240,226.4,233.9,210.5
2023-07-18,17:00:00,2460144.197,2273.270,197.5,204.0,183.6
2023-07-18,20:00:00,2460144.322,2273.270,218.5,225.7,203.1
2023-07-18,23:00:00,2460144.447,2273.280,193.4,199.7,179.7
2023-07-19,17:00:00,2460145.197,2273.300,192.5,198.8,178.9
2023-07-19,20:00:00,2460145.322,2273.310,188.9,195.1,175.6
2023-07-19,23:00:00,2460145.447,2273.310,193.8,200.1,180.1
2023-07-20,17:00:00,2460146.197,2273.340,182.4,188.3,169.5
2023-07-20,20:00:00,2460146.322,2273.340,184.3,190.3,171.3
2023-07-20,23:00:00,2460146.447,2273.350,179.2,185.0,166.5
2023-07-21,17:00:00,2460147.197,2273.380,173.2,178.8,160.9
2023-07-21,20:00:00,2460147.322,2273.380,172.8,178.5,160.6
2023-07-21,23:00:00,2460147.447,2273.390,175.8,181.5,163.4
2023-07-22,17:00:00,2460148.197,2273.410,174.8,180.5,162.4
2023-07-22,20:00:00,2460148.322,2273.420,174.4,180.0,162.0
2023-07-22,23:00:00,2460148.447,2273.420,177.3,183.0,164.7
2023-07-23,17:00:00,2460149.197,2273.450,174.6,180.2,162.2
2023-07-23,20:00:00,2460149.322,2273.450,172.5,178.0,160.2
2023-07-23,23:00:00,2460149.447,2273.460,172.2,177.7,159.9
2023-07-24,17:00:00,2460150.197,2273.490,167.9,173.2,155.9
2023-07-24,20:00:00,2460150.322,2273.490,165.1,170.3,153.3
2023-07-24,23:00:00,2460150.447,2273.500,166.1,171.4,154.3
2023-07-25,17:00:00,2460151.197,2273.520,167.6,172.9,155.6
2023-07-25,20:00:00,2460151.322,2273.530,169.0,174.4,156.9
2023-07-25,23:00:00,2460151.447,2273.530,169.0,174.4,157.0
2023-07-26,17:00:00,2460152.197,2273.560,171.1,176.5,158.9
2023-07-26,20:00:00,2460152.322,2273.560,167.4,172.6,155.4
2023-07-26,23:00:00,2460152.447,2273.570,170.7,176.0,158.4
2023-07-27,17:00:00,2460153.197,2273.600,164.6,169.8,152.8
2023-07-27,20:00:00,2460153.322,2273.600,165.3,170.5,153.4
2023-07-27,23:00:00,2460153.447,2273.610,178.5,184.1,165.7
2023-07-28,17:00:00,2460154.197,2273.630,168.0,173.3,155.9
2023-07-28,20:00:00,2460154.322,2273.640,168.2,173.4,156.1
2023-07-28,23:00:00,2460154.447,2273.640,171.4,176.7,159.1
2023-07-29,17:00:00,2460155.197,2273.670,187.3,193.1,173.7
2023-07-29,20:00:00,2460155.322,2273.670,178.6,184.1,165.7
2023-07-29,23:00:00,2460155.447,2273.680,176.8,182.2,164.0
2023-07-30,17:00:00,2460156.197,2273.710,174.2,179.5,161.6
2023-07-30,20:00:00,2460156.322,2273.710,174.4,179.7,161.7
2023-07-30,23:00:00,2460156.447,2273.720,170.0,175.2,157.7
2023-07-31,17:00:00,2460157.197,2273.740,177.2,182.5,164.3
2023-07-31,20:00:00,2460157.322,2273.750,177.1,182.4,164.2
2023-07-31,23:00:00,2460157.447,2273.750,181.3,186.7,168.1
2023-08-01,17:00:00,2460158.197,2273.780,174.4,179.6,161.7
2023-08-01,20:00:00,2460158.322,2273.780,174.7,179.9,161.9
2023-08-01,23:00:00,2460158.447,2273.790,171.5,176.7,159.0
2023-08-02,17:00:00,2460159.197,2273.820,170.3,175.4,157.8
2023-08-02,20:00:00,2460159.322,2273.820,172.9,178.1,160.3
2023-08-02,23:00:00,2460159.447,2273.830,168.3,173.3,156.0
2023-08-03,17:00:00,2460160.197,2273.850,165.2,170.1,153.1
2023-08-03,20:00:00,2460160.322,2273.860,162.9,167.7,150.9
2023-08-03,23:00:00,2460160.447,2273.860,165.6,170.5,153.4
2023-08-04,17:00:00,2460161.197,2273.890,166.2,171.1,154.0
2023-08-04,20:00:00,2460161.322,2273.890,170.8,175.8,158.2
2023-08-04,23:00:00,2460161.447,2273.900,169.9,174.9,157.4
2023-08-05,17:00:00,2460162.197,2273.930,171.2,176.2,158.5
2023-08-05,20:00:00,2460162.322,2273.930,175.8,180.8,162.8
2023-08-05,23:00:00,2460162.447,2273.940,203.5,209.4,188.5
2023-08-06,17:00:00,2460163.197,2273.960,167.4,172.2,155.0
2023-08-06,20:00:00,2460163.322,2273.970,173.5,178.5,160.6
2023-08-06,23:00:00,2460163.447,2273.970,169.1,173.9,156.5
2023-08-07,17:00:00,2460164.197,2274.000,168.7,173.5,156.2
2023-08-07,20:00:00,2460164.322,2274.000,169.7,174.5,157.1
2023-08-07,23:00:00,2460164.447,2274.010,173.1,178.0,160.2
2023-08-08,17:00:00,2460165.197,2274.040,157.3,161.7,145.6
2023-08-08,20:00:00,2460165.322,2274.040,158.9,163.4,147.0
2023-08-08,23:00:00,2460165.447,2274.050,157.7,162.1,145.9
2023-08-09,17:00:00,2460166.197,2274.070,153.0,157.3,141.5
2023-08-09,20:00:00,2460166.322,2274.080,153.4,157.7,141.9
2023-08-09,23:00:00,2460166.447,2274.080,150.7,154.9,139.4
2023-08-10,17:00:00,2460167.197,2274.117,160.4,164.9,148.4
2023-08-10,20:00:00,2460167.322,2274.110,155.7,160.0,144.0
2023-08-10,23:00:00,2460167.447,2274.120,158.2,162.5,146.3
2023-08-11,17:00:00,2460168.197,2274.150,154.9,159.1,143.2
2023-08-11,20:00:00,2460168.322,2274.150,152.8,157.0,141.3
2023-08-11,23:00:00,2460168.447,2274.160,150.7,154.8,139.4
2023-08-12,17:00:00,2460169.197,2274.180,146.0,149.9,134.9
2023-08-12,20:00:00,2460169.322,2274.190,148.3,152.2,137.0
2023-08-12,23:00:00,2460169.447,2274.190,148.9,152.9,137.6
2023-08-13,17:00:00,2460170.197,2274.220,148.1,152.0,136.8
2023-08-13,20:00:00,2460170.322,2274.220,150.4,154.4,139.0
2023-08-13,23:00:00,2460170.447,2274.230,151.3,155.3,139.7
2023-08-14,17:00:00,2460171.197,2274.260,153.2,157.2,141.5
2023-08-14,20:00:00,2460171.322,2274.260,154.0,158.1,142.3
2023-08-14,23:00:00,2460171.447,2274.270,153.5,157.5,141.8
2023-08-15,17:00:00,2460172.197,2274.290,157.4,161.5,145.4
2023-08-15,20:00:00,2460172.322,2274.300,158.1,162.1,145.9
2023-08-15,23:00:00,2460172.447,2274.300,156.8,160.9,144.8
2023-08-16,17:00:00,2460173.197,2274.330,160.5,164.6,148.1
2023-08-16,20:00:00,2460173.322,2274.330,160.1,164.2,147.8
2023-08-16,23:00:00,2460173.447,2274.340,160.9,165.0,148.5
2023-08-17,17:00:00,2460174.197,2274.370,153.3,157.2,141.5
2023-08-17,20:00:00,2460174.322,2274.370,151.9,155.7,140.2
2023-08-17,23:00:00,2460174.447,2274.380,151.4,155.2,139.7
2023-08-18,17:00:00,2460175.197,2274.400,148.3,151.9,136.7
2023-08-18,20:00:00,2460175.322,2274.410,150.6,154.4,138.9
2023-08-18,23:00:00,2460175.447,2274.419,149.0,152.6,137.4
2023-08-19,17:00:00,2460176.197,2274.447,151.8,155.5,139.9
2023-08-19,20:00:00,2460176.322,2274.451,150.6,154.3,138.9
2023-08-19,23:00:00,2460176.447,2274.456,148.5,152.1,136.9
2023-08-20,17:00:00,2460177.197,2274.483,144.9,148.3,133.5
2023-08-20,20:00:00,2460177.322,2274.488,146.3,149.8,134.8
2023-08-20,23:00:00,2460177.447,2274.493,146.2,149.7,134.7
2023-08-21,17:00:00,2460178.197,2274.520,149.2,152.7,137.5
2023-08-21,20:00:00,2460178.322,2274.525,148.7,152.2,137.0
2023-08-21,23:00:00,2460178.447,2274.529,153.0,156.6,140.9
2023-08-22,17:00:00,2460179.197,2274.557,151.0,154.5,139.0
2023-08-22,20:00:00,2460179.322,2274.561,150.9,154.4,138.9
2023-08-22,23:00:00,2460179.447,2274.566,165.0,168.8,151.9
2023-08-23,17:00:00,2460180.197,2274.593,150.7,154.1,138.7
2023-08-23,20:00:00,2460180.322,2274.590,147.0,150.3,135.3
2023-08-23,23:00:00,2460180.447,2274.600,145.3,148.5,133.7
2023-08-24,17:00:00,2460181.197,2274.620,143.8,147.0,132.3
2023-08-24,20:00:00,2460181.322,2274.630,144.1,147.3,132.6
2023-08-24,23:00:00,2460181.447,2274.630,146.9,150.1,135.1
2023-08-25,17:00:00,2460182.197,2274.660,137.9,140.9,126.8
2023-08-25,20:00:00,2460182.322,2274.660,138.9,141.9,127.7
2023-08-25,23:00:00,2460182.447,2274.670,138.0,140.9,126.8
2023-08-26,17:00:00,2460183.197,2274.700,139.4,142.3,128.1
2023-08-26,20:00:00,2460183.322,2274.700,139.3,142.2,128.0
2023-08-26,23:00:00,2460183.447,2274.710,141.4,144.4,129.9
2023-08-27,17:00:00,2460184.197,2274.730,140.8,143.7,129.4
2023-08-27,20:00:00,2460184.322,2274.740,141.5,144.5,130.0
2023-08-27,23:00:00,2460184.447,2274.740,140.1,143.0,128.7
2023-08-28,17:00:00,2460185.197,2274.770,142.2,145.1,130.6
2023-08-28,20:00:00,2460185.322,2274.770,141.7,144.5,130.1
2023-08-28,23:00:00,2460185.447,2274.780,142.1,145.0,130.5
2023-08-29,17:00:00,2460186.197,2274.810,140.0,142.7,128.5
2023-08-29,20:00:00,2460186.322,2274.810,142.2,145.0,130.5
2023-08-29,23:00:00,2460186.447,2274.820,146.6,149.5,134.5
2023-08-30,17:00:00,2460187.197,2274.850,139.9,142.6,128.4
2023-08-30,20:00:00,2460187.322,2274.850,138.6,141.2,127.1
2023-08-30,23:00:00,2460187.447,2274.850,142.4,145.2,130.7
2023-08-31,17:00:00,2460188.197,2274.880,137.6,140.2,126.2
2023-08-31,20:00:00,2460188.322,2274.880,139.9,142.5,128.2
2023-08-31,23:00:00,2460188.447,2274.890,139.4,142.1,127.8
2023-09-01,17:00:00,2460189.197,2274.920,136.3,138.8,125.0
2023-09-01,20:00:00,2460189.322,2274.920,135.8,138.3,124.5
2023-09-01,23:00:00,2460189.447,2274.930,137.8,140.3,126.3
2023-09-02,17:00:00,2460190.197,2274.950,131.4,133.8,120.4
2023-09-02,20:00:00,2460190.322,2274.960,131.2,133.6,120.2
2023-09-02,23:00:00,2460190.447,2274.960,127.9,130.2,117.2
2023-09-03,17:00:00,2460191.197,2274.990,130.1,132.4,119.1
2023-09-03,20:00:00,2460191.322,2274.990,130.5,132.8,119.5
2023-09-03,23:00:00,2460191.447,2275.000,130.5,132.8,119.5
2023-09-04,17:00:00,2460192.197,2275.030,137.4,139.7,125.8
2023-09-04,20:00:00,2460192.322,2275.030,136.0,138.4,124.5
2023-09-04,23:00:00,2460192.447,2275.040,136.1,138.4,124.5
2023-09-05,17:00:00,2460193.197,2275.060,136.6,138.9,125.0
2023-09-05,20:00:00,2460193.322,2275.070,142.9,145.2,130.7
2023-09-05,23:00:00,2460193.447,2275.070,145.1,147.5,132.7
2023-09-06,17:00:00,2460194.197,2275.100,143.7,146.0,131.4
2023-09-06,20:00:00,2460194.322,2275.100,147.1,149.4,134.5
2023-09-06,23:00:00,2460194.447,2275.110,146.8,149.2,134.2
2023-09-07,17:00:00,2460195.197,2275.140,155.3,157.8,142.0
2023-09-07,20:00:00,2460195.322,2275.140,160.8,163.3,146.9
2023-09-07,23:00:00,2460195.447,2275.153,160.4,162.9,146.6
2023-09-08,17:00:00,2460196.197,2275.170,157.8,160.1,144.1
2023-09-08,20:00:00,2460196.322,2275.180,160.9,163.4,147.0
2023-09-08,23:00:00,2460196.447,2275.180,161.1,163.5,147.1
2023-09-09,17:00:00,2460197.197,2275.210,158.9,161.3,145.1
2023-09-09,20:00:00,2460197.322,2275.210,161.4,163.7,147.3
2023-09-09,23:00:00,2460197.448,2275.226,274.6,278.6,250.7
2023-09-10,17:00:00,2460198.197,2275.253,163.3,165.6,149.0
2023-09-10,20:00:00,2460198.322,2275.250,163.9,166.2,149.5
2023-09-10,23:00:00,2460198.447,2275.260,165.9,168.2,151.4
2023-09-11,17:00:00,2460199.197,2275.290,175.7,178.1,160.3
2023-09-11,20:00:00,2460199.322,2275.290,176.4,178.8,160.9
2023-09-11,23:00:00,2460199.447,2275.290,171.4,173.7,156.4
2023-09-12,17:00:00,2460200.197,2275.320,155.0,157.0,141.3
2023-09-12,20:00:00,2460200.322,2275.320,153.5,155.5,139.9
2023-09-12,23:00:00,2460200.447,2275.330,148.2,150.1,135.1
2023-09-13,17:00:00,2460201.197,2275.360,142.1,143.9,129.5
2023-09-13,20:00:00,2460201.322,2275.360,142.6,144.4,129.9
2023-09-13,23:00:00,2460201.447,2275.370,140.5,142.3,128.1
2023-09-14,17:00:00,2460202.197,2275.390,147.9,149.7,134.7
2023-09-14,20:00:00,2460202.322,2275.400,145.2,146.9,132.2
2023-09-14,23:00:00,2460202.447,2275.400,149.1,150.8,135.8
2023-09-15,17:00:00,2460203.197,2275.430,138.2,139.7,125.8
2023-09-15,20:00:00,2460203.322,2275.430,139.1,140.6,126.6
2023-09-15,23:00:00,2460203.447,2275.440,141.6,143.2,128.9
2023-09-16,17:00:00,2460204.197,2275.470,143.3,144.9,130.4
2023-09-16,20:00:00,2460204.322,2275.470,140.4,141.9,127.7
2023-09-16,23:00:00,2460204.447,2275.480,139.9,141.4,127.3
2023-09-17,17:00:00,2460205.197,2275.500,143.3,144.8,130.3
2023-09-17,20:00:00,2460205.322,2275.510,144.6,146.1,131.5
2023-09-17,23:00:00,2460205.447,2275.510,145.0,146.5,131.9
2023-09-18,17:00:00,2460206.197,2275.540,150.7,152.2,137.0
2023-09-18,20:00:00,2460206.322,2275.540,154.5,156.0,140.4
2023-09-18,23:00:00,2460206.447,2275.550,157.4,158.9,143.0
2023-09-19,17:00:00,2460207.197,2275.580,160.8,162.3,146.1
2023-09-19,20:00:00,2460207.322,2275.580,166.1,167.6,150.8
2023-09-19,23:00:00,2460207.447,2275.590,177.8,179.4,161.5
2023-09-20,17:00:00,2460208.197,2275.610,159.4,160.7,144.7
2023-09-20,20:00:00,2460208.322,2275.620,155.5,156.8,141.2
2023-09-20,23:00:00,2460208.447,2275.620,155.5,156.8,141.1
2023-09-21,17:00:00,2460209.197,2275.650,165.9,167.3,150.5
2023-09-21,20:00:00,2460209.322,2275.650,168.1,169.4,152.5
2023-09-21,23:00:00,2460209.447,2275.660,170.9,172.2,155.0
2023-09-22,17:00:00,2460210.197,2275.690,188.5,190.0,171.0
2023-09-22,20:00:00,2460210.322,2275.690,175.7,177.0,159.3
2023-09-22,23:00:00,2460210.447,2275.700,186.3,187.7,168.9
2023-09-23,17:00:00,2460211.197,2275.720,174.3,175.5,157.9
2023-09-23,20:00:00,2460211.322,2275.730,173.0,174.1,156.7
2023-09-23,23:00:00,2460211.447,2275.730,174.2,175.3,157.8
2023-09-24,17:00:00,2460212.197,2275.760,169.0,170.1,153.1
2023-09-24,20:00:00,2460212.322,2275.760,173.7,174.8,157.3
2023-09-24,23:00:00,2460212.447,2275.770,172.4,173.5,156.2
2023-09-25,17:00:00,2460213.197,2275.800,171.0,172.0,154.8
2023-09-25,20:00:00,2460213.322,2275.800,170.2,171.1,154.0
2023-09-25,23:00:00,2460213.447,2275.810,169.6,170.6,153.5
2023-09-26,17:00:00,2460214.197,2275.830,166.9,167.8,151.0
2023-09-26,20:00:00,2460214.322,2275.840,164.9,165.7,149.1
2023-09-26,23:00:00,2460214.447,2275.840,163.5,164.4,147.9
2023-09-27,17:00:00,2460215.197,2275.870,155.4,156.2,140.5
2023-09-27,20:00:00,2460215.322,2275.870,156.0,156.7,141.0
2023-09-27,23:00:00,2460215.447,2275.880,153.4,154.0,138.6
2023-09-28,17:00:00,2460216.197,2275.910,151.6,152.2,137.0
2023-09-28,20:00:00,2460216.322,2275.910,147.8,148.4,133.6
2023-09-28,23:00:00,2460216.447,2275.920,147.1,147.7,132.9
2023-09-29,17:00:00,2460217.197,2275.940,150.1,150.6,135.5
2023-09-29,20:00:00,2460217.322,2275.950,155.0,155.5,140.0
2023-09-29,23:00:00,2460217.447,2275.950,152.4,153.0,137.7
2023-09-30,17:00:00,2460218.197,2275.980,161.1,161.6,145.4
2023-09-30,20:00:00,2460218.322,2275.980,159.1,159.5,143.6
2023-09-30,23:00:00,2460218.447,2275.990,160.9,161.3,145.2
2023-10-01,17:00:00,2460219.197,2276.020,159.4,159.8,143.8
2023-10-01,20:00:00,2460219.322,2276.020,161.1,161.5,145.3
2023-10-01,23:00:00,2460219.447,2276.030,160.7,161.1,145.0
2023-10-02,17:00:00,2460220.197,2276.050,156.5,156.8,141.1
2023-10-02,20:00:00,2460220.322,2276.060,157.4,157.7,141.9
2023-10-02,23:00:00,2460220.447,2276.060,153.6,153.9,138.5
2023-10-03,17:00:00,2460221.197,2276.090,150.2,150.4,135.4
2023-10-03,20:00:00,2460221.322,2276.090,153.7,153.8,138.5
2023-10-03,23:00:00,2460221.447,2276.100,155.9,156.1,140.5
2023-10-04,17:00:00,2460222.197,2276.130,150.9,151.0,135.9
2023-10-04,20:00:00,2460222.322,2276.130,155.0,155.1,139.5
2023-10-04,23:00:00,2460222.447,2276.140,153.9,153.9,138.5
2023-10-05,17:00:00,2460223.197,2276.160,155.8,155.8,140.3
2023-10-05,20:00:00,2460223.322,2276.170,156.1,156.1,140.5
2023-10-05,23:00:00,2460223.447,2276.170,157.6,157.6,141.8
2023-10-06,17:00:00,2460224.197,2276.200,156.6,156.6,140.9
2023-10-06,20:00:00,2460224.322,2276.200,155.3,155.3,139.7
2023-10-06,23:00:00,2460224.447,2276.210,155.8,155.7,140.1
2023-10-07,17:00:00,2460225.197,2276.240,155.2,155.1,139.6
2023-10-07,20:00:00,2460225.322,2276.240,157.2,157.0,141.3